Hart,Rees,rhart
Carter,Crispin,ccarter
Lizama,Grace,glizama
Kushlan,Alyssa,akushlan
Tucker,Ava,atucker
Crossen,Maddie,mcrossen
Digiovani,Caroline,cdigiovani
Smith,Sam,ssmith
Doe,Jane,jdoe
Smith,Audrey,asmith
Hart,Cate,chart
Gibson,Sarah,sgibson
Anderson,Joe,janderson
Davis,Abby,adavis
Glazer,Ilana,iglazer
Jacobson,Abbi,ajacobson
Brown,Zoe,zbrown
Jones,Jesse,jjones
Dylan,Bob,bdylan
White,Walter,wwhite
